{
  "coefficients": {
    "c0": 0.06911432408559581,
    "c1": 0.00019916619389656373,
    "c2": 0.09299084418147911,
    "c3": -1.1658068751580201e-06,
    "c4": -0.029080150134557576,
    "c5": 0.0001814515917800683
  },
  "R_squared": 0.9937067043156019
}